SOFTSPUN Microfiber Vehicle Washing  Cloth,229,4.2
SOFTSPUN Microfiber Vehicle Washing  Cloth,136,3.9
VRT Microfiber Vehicle Washing  Cloth,259,4.3
Sheen Microfiber Vehicle Washing  Cloth,328,4.2
AUTQMAXX Microfiber Vehicle Washing  Cloth,175,4.2
MicroMagic Microfiber Vehicle Washing  Cloth,140,4.6
ShineXPro Microfiber Vehicle Washing  Cloth,499,4.3
ShineXPro Microfiber Vehicle Washing  Cloth,949,4.4
ShineXPro Microfiber Vehicle Washing  Cloth,239,4.4
Gadiparts Microfiber Vehicle Washing  Cloth,211,3.8
SOFTSPUN Microfiber Vehicle Washing  Cloth,269,4.3
MicroMagic Microfiber Vehicle Washing  Cloth,286,4.4
AUTOSITE Microfiber Vehicle Washing  Cloth,274,4.1
Zeviva Microfiber Vehicle Washing  Cloth,169,3.9
carempire Microfiber Vehicle Washing  Cloth,82,4.1
"AENON FASHION Cleaning Cloth Multipurpose Kitchen Towels Cotton Dish Napkin - Machine Washable - Multi Coloured Checked Dish Towels, Tea Towels, Table Cloth 18x18 Inch - Pack of 12 Multicolor Cloth Napkins",189,3.6
SOFTSPUN Microfiber Vehicle Washing  Cloth,350,4.2
